City_ID,City,Country,Date,Lat,Lng,Max Temp,Humidity,Cloudiness,Wind Speed
0,Mataura,NZ,2021-06-07 22:33:24,-46.1927,168.8643,282.86,73,3,0.92
1,Okhotsk,RU,2021-06-07 22:33:24,59.3833,143.3,282.34,78,69,2.25
2,Tabou,CI,2021-06-07 22:33:25,4.423,-7.3528,299.38,79,90,3.72
3,Wilmington,US,2021-06-07 22:28:37,34.2257,-77.9447,301.45,81,75,4.63
4,Yatou,CN,2021-06-07 22:33:25,37.15,122.3833,293.97,76,92,3.39
5,New Norfolk,AU,2021-06-07 22:33:26,-42.7826,147.0587,284.87,80,96,1.47
6,Bluff,NZ,2021-06-07 22:33:26,-46.6,168.3333,283.04,77,9,2.55
7,Pangody,RU,2021-06-07 22:33:26,65.85,74.4859,276.79,69,69,2.84
8,Castro,BR,2021-06-07 22:33:27,-24.7911,-50.0119,284.96,98,75,1.59
9,Bredasdorp,ZA,2021-06-07 22:33:27,-34.5322,20.0403,285.77,67,100,2.17
10,Saint-Georges,GD,2021-06-07 22:33:27,12.0564,-61.7485,300.97,83,75,7.72
11,Georgetown,MY,2021-06-07 22:33:28,5.4112,100.3354,298.65,92,40,3.13
12,Keetmanshoop,NA,2021-06-07 22:33:28,-26.5833,18.1333,289.66,44,90,3.6
13,Karratha,AU,2021-06-07 22:33:29,-20.7377,116.8463,297.09,36,98,7.46
14,Khatanga,RU,2021-06-07 22:33:29,71.9667,102.5,274.12,81,96,6.34
15,Saskylakh,RU,2021-06-07 22:33:29,71.9167,114.0833,276.57,55,49,5.6
16,Tuktoyaktuk,CA,2021-06-07 22:33:30,69.4541,-133.0374,281.15,53,75,4.63
17,Pontes E Lacerda,BR,2021-06-07 22:33:30,-15.2261,-59.3353,301.67,44,82,0.47
18,Hermanus,ZA,2021-06-07 22:33:31,-34.4187,19.2345,294.21,51,88,3.87
19,Rikitea,PF,2021-06-07 22:33:31,-23.1203,-134.9692,298.03,84,70,8.58
20,Vaini,TO,2021-06-07 22:33:31,-21.2,-175.2,297.24,83,40,3.6
21,Ignatovka,RU,2021-06-07 22:33:32,53.9479,47.6536,287.39,85,57,0.87
22,Callaguip,PH,2021-06-07 22:33:32,18.0714,120.4867,298.16,94,75,1.72
23,Atuona,PF,2021-06-07 22:33:33,-9.8,-139.0333,299.2,76,9,3.39
24,Port Said,EG,2021-06-07 22:33:33,31.2565,32.2841,296.21,59,0,3.69
25,Evensk,RU,2021-06-07 22:33:33,61.95,159.2333,281.23,76,95,2.14
26,Natitingou,BJ,2021-06-07 22:33:34,10.3042,1.3796,296.96,80,74,1.22
27,Saint George,US,2021-06-07 22:30:45,37.1041,-113.5841,309.41,14,1,2.68
28,Fortuna,US,2021-06-07 22:33:32,40.5982,-124.1573,292.86,55,20,2.68
29,Lompoc,US,2021-06-07 22:33:35,34.6391,-120.4579,295.2,69,16,2.68
30,Ugoofaaru,MV,2021-06-07 22:33:35,5.6667,73.0,301.43,75,75,8.1
31,Albany,US,2021-06-07 22:29:47,42.6001,-73.9662,305.51,84,81,2.74
32,Saldanha,ZA,2021-06-07 22:33:35,-33.0117,17.9442,293.18,70,100,8.98
33,Bambous Virieux,MU,2021-06-07 22:33:36,-20.3428,57.7575,295.29,78,75,8.66
34,Mount Gambier,AU,2021-06-07 22:33:36,-37.8333,140.7667,280.1,93,90,3.6
35,Punta Arenas,CL,2021-06-07 22:32:44,-53.15,-70.9167,277.21,81,0,5.35
36,Ushuaia,AR,2021-06-07 22:33:37,-54.8,-68.3,276.96,81,40,2.06
37,Buala,SB,2021-06-07 22:33:37,-8.145,159.5921,300.12,81,100,2.41
38,Saint-Philippe,RE,2021-06-07 22:33:38,-21.3585,55.7679,292.71,66,88,6.16
39,Boda,CF,2021-06-07 22:33:38,4.3189,17.4695,294.06,94,47,0.93
40,Tadine,NC,2021-06-07 22:33:38,-21.55,167.8833,295.11,54,100,6.1
41,Sept-Iles,CA,2021-06-07 22:33:39,50.2001,-66.3821,289.44,83,40,2.24
42,Diego De Almagro,CL,2021-06-07 22:33:39,-26.3667,-70.05,288.3,38,0,0.69
43,Kapaa,US,2021-06-07 22:33:39,22.0752,-159.319,302.14,70,40,1.79
44,Cockburn Town,TC,2021-06-07 22:33:40,21.4612,-71.1419,299.75,81,29,9.57
45,Kavaratti,IN,2021-06-07 22:33:40,10.5669,72.642,301.59,75,6,7.18
46,Zyryanka,RU,2021-06-07 22:33:41,65.75,150.85,287.81,55,99,4.53
47,Hobart,AU,2021-06-07 22:33:41,-42.8794,147.3294,285.07,71,75,3.24
48,Samarai,PG,2021-06-07 22:33:41,-10.6167,150.6667,299.25,83,95,6.39
49,Ancud,CL,2021-06-07 22:33:42,-41.8697,-73.8203,286.05,83,100,11.17
50,Chumikan,RU,2021-06-07 22:33:42,54.7183,135.315,287.08,63,70,5.06
51,Tasiilaq,GL,2021-06-07 22:33:42,65.6145,-37.6368,278.24,90,67,1.06
52,Svarstad,NO,2021-06-07 22:33:43,59.399,9.9698,288.54,60,65,0.58
53,Butaritari,KI,2021-06-07 22:33:43,3.0707,172.7902,300.64,70,91,1.19
54,Mubende,UG,2021-06-07 22:33:44,0.5606,31.39,287.61,97,3,1.12
55,Cape Town,ZA,2021-06-07 22:32:34,-33.9258,18.4232,294.33,42,40,3.82
56,Pafos,CY,2021-06-07 22:33:44,34.7667,32.4167,295.1,39,0,3.6
57,Reconquista,AR,2021-06-07 22:33:45,-29.15,-59.65,287.47,93,100,2.91
58,Pevek,RU,2021-06-07 22:33:45,69.7008,170.3133,275.39,89,88,0.22
59,Naze,JP,2021-06-07 22:33:46,28.3667,129.4833,296.66,82,100,0.72
60,Kathmandu,NP,2021-06-07 22:33:46,27.7167,85.3167,294.27,88,75,1.54
61,Nishihara,JP,2021-06-07 22:33:46,26.1842,127.7558,299.96,89,75,3.0
62,Yagodnoye,RU,2021-06-07 22:33:47,62.55,149.6667,288.88,56,91,8.83
63,Barrow,US,2021-06-07 22:33:44,71.2906,-156.7887,273.16,86,90,9.77
64,Shimoda,JP,2021-06-07 22:33:47,34.6667,138.95,299.35,67,20,0.67
65,Gazanjyk,TM,2021-06-07 22:33:48,39.2446,55.5154,295.61,56,1,3.04
66,East London,ZA,2021-06-07 22:33:48,-33.0153,27.9116,291.24,44,0,3.99
67,Wewak,PG,2021-06-07 22:33:48,-3.5534,143.6268,299.77,86,96,2.27
68,Norman Wells,CA,2021-06-07 22:33:49,65.282,-126.8329,287.17,33,75,3.09
69,Hithadhoo,MV,2021-06-07 22:33:49,-0.6,73.0833,301.5,69,38,5.55
70,Hualmay,PE,2021-06-07 22:33:50,-11.0964,-77.6139,291.59,80,20,4.25
71,Guerrero Negro,MX,2021-06-07 22:29:11,27.9769,-114.0611,294.0,57,97,7.72
72,Chuy,UY,2021-06-07 22:33:50,-33.6971,-53.4616,286.08,85,56,4.11
73,Valguarnera Caropepe,IT,2021-06-07 22:33:50,37.4955,14.3888,292.21,72,0,2.33
74,Makungu,TZ,2021-06-07 22:33:51,-8.7333,35.2833,287.22,85,86,1.47
75,Buraydah,SA,2021-06-07 22:33:51,26.326,43.975,306.4,13,1,3.7
76,Howard Springs,AU,2021-06-07 22:33:52,-12.497,131.047,296.41,95,90,2.05
77,Dikson,RU,2021-06-07 22:33:52,73.5069,80.5464,272.46,94,100,5.01
78,Zhigansk,RU,2021-06-07 22:33:52,66.7697,123.3711,282.94,55,36,6.4
79,San Cristobal,VE,2021-06-07 22:33:53,7.7669,-72.225,298.25,82,75,0.81
80,Puerto Ayora,EC,2021-06-07 22:31:13,-0.7393,-90.3518,302.13,85,91,2.24
81,Ruidoso,US,2021-06-07 22:33:53,33.3317,-105.673,304.07,9,1,1.34
82,Sombrerete,MX,2021-06-07 22:33:54,23.6333,-103.65,301.59,15,89,5.34
83,Nanortalik,GL,2021-06-07 22:33:54,60.1432,-45.2371,279.37,77,100,1.21
84,Ahipara,NZ,2021-06-07 22:33:54,-35.1667,173.1667,288.47,85,100,7.14
85,Saint-Francois,FR,2021-06-07 22:33:55,46.4154,3.9054,288.97,91,0,0.0
86,Porto Novo,BJ,2021-06-07 22:33:55,6.4965,2.6036,299.03,81,68,2.67
87,Mildura,AU,2021-06-07 22:31:54,-34.2,142.15,281.13,100,45,2.57
88,Sinnamary,GF,2021-06-07 22:33:56,5.3833,-52.95,298.49,90,97,4.65
89,Ceres,US,2021-06-07 22:33:56,37.5949,-120.9577,304.33,23,1,5.66
90,Bengkulu,ID,2021-06-07 22:33:57,-3.8004,102.2655,296.44,87,33,1.61
91,Aklavik,CA,2021-06-07 22:33:57,68.2191,-135.0107,287.55,39,77,2.17
92,Hovd,MN,2021-06-07 22:33:57,48.0056,91.6419,284.14,33,8,0.01
93,Carnarvon,AU,2021-06-07 22:33:58,-24.8667,113.6333,291.19,63,90,5.14
94,Bathsheba,BB,2021-06-07 22:33:58,13.2167,-59.5167,300.49,69,40,9.19
95,Kaitangata,NZ,2021-06-07 22:33:59,-46.2817,169.8464,284.22,86,2,1.23
96,Mandalgovi,MN,2021-06-07 22:33:59,45.7625,106.2708,278.98,68,58,6.71
97,Rincon De La Victoria,ES,2021-06-07 22:33:59,36.7172,-4.2758,297.79,65,1,1.27
98,Cidreira,BR,2021-06-07 22:34:00,-30.1811,-50.2056,289.9,85,100,6.7
99,Port Alfred,ZA,2021-06-07 22:34:00,-33.5906,26.891,291.66,46,1,4.63
100,Pacific Grove,US,2021-06-07 22:31:40,36.6177,-121.9166,297.68,68,1,3.13
101,Ribeira Grande,PT,2021-06-07 22:34:01,38.5167,-28.7,292.21,93,99,5.45
102,Jutai,BR,2021-06-07 22:34:01,-5.1833,-68.9,296.97,95,67,1.31
103,Russell,US,2021-06-07 22:30:51,32.3502,-85.1999,299.15,83,40,2.95
104,Rudbar,AF,2021-06-07 22:34:02,30.15,62.6,305.97,16,0,5.16
105,Kavieng,PG,2021-06-07 22:34:02,-2.5744,150.7967,301.1,78,99,3.26
106,Sur,OM,2021-06-07 22:34:03,22.5667,59.5289,302.21,75,0,5.68
107,Port Lincoln,AU,2021-06-07 22:34:03,-34.7333,135.8667,283.81,66,91,9.55
108,Padang,ID,2021-06-07 22:31:19,-0.9492,100.3543,297.53,80,100,1.46
109,Cayenne,GF,2021-06-07 22:34:04,4.9333,-52.3333,299.87,86,75,3.13
110,Vidisha,IN,2021-06-07 22:34:04,23.5333,77.8167,301.78,61,46,5.64
111,Udachnyy,RU,2021-06-07 22:34:04,66.4167,112.4,280.54,52,17,1.28
112,Kaka,TM,2021-06-07 22:34:05,37.3482,59.6143,299.05,39,0,2.68
113,Nanakuli,US,2021-06-07 22:34:05,21.3906,-158.1547,304.12,45,75,6.68
114,Katete,UG,2021-06-07 22:34:06,-0.7818,29.7544,288.81,82,78,1.61
115,Coquimbo,CL,2021-06-07 22:34:06,-29.9533,-71.3436,286.0,87,0,0.12
116,Thurso,GB,2021-06-07 22:34:06,58.5927,-3.5259,284.29,87,73,1.08
117,Sibolga,ID,2021-06-07 22:34:07,1.7427,98.7792,297.38,84,96,1.31
118,At-Bashi,KG,2021-06-07 22:34:07,41.1702,75.8106,284.09,85,84,1.15
119,Awjilah,LY,2021-06-07 22:34:08,29.1081,21.2869,301.32,22,88,2.8
120,Merauke,ID,2021-06-07 22:34:08,-8.4667,140.3333,299.12,85,73,6.14
121,Ilhabela,BR,2021-06-07 22:34:08,-23.7781,-45.3581,294.48,91,93,1.89
122,Inyonga,TZ,2021-06-07 22:34:09,-6.7167,32.0667,292.16,60,89,2.6
123,Broome,US,2021-06-07 22:34:09,42.2506,-75.833,304.47,63,20,2.34
124,Mount Isa,AU,2021-06-07 22:31:02,-20.7333,139.5,287.02,51,10,0.0
125,Nikolskoye,RU,2021-06-07 22:34:10,59.7035,30.7861,289.09,92,9,2.07
126,Vao,NC,2021-06-07 22:34:10,-22.6667,167.4833,293.79,57,100,6.58
127,Anloga,GH,2021-06-07 22:34:11,5.7947,0.8973,300.27,76,72,4.12
128,Jamestown,US,2021-06-07 22:34:11,42.097,-79.2353,302.77,65,1,3.09
129,Hilo,US,2021-06-07 22:32:53,19.7297,-155.09,301.0,73,90,5.14
130,Nouadhibou,MR,2021-06-07 22:34:11,20.931,-17.0347,293.14,83,30,9.77
131,La Macarena,CO,2021-06-07 22:34:12,2.1837,-73.7849,296.56,97,69,0.33
132,Mtinko,TZ,2021-06-07 22:34:12,-4.55,34.85,288.07,78,22,5.56
133,Hobyo,SO,2021-06-07 22:34:13,5.3505,48.5268,298.7,88,12,11.52
134,Pangnirtung,CA,2021-06-07 22:34:13,66.1451,-65.7125,274.15,93,90,5.14
135,Avera,US,2021-06-07 22:34:14,33.194,-82.5271,297.18,87,100,3.67
136,San Pedro De Los Naranjos,MX,2021-06-07 22:34:14,20.25,-100.9833,305.81,20,100,4.87
137,Upernavik,GL,2021-06-07 22:34:15,72.7868,-56.1549,274.4,92,39,1.82
138,Carballo,ES,2021-06-07 22:34:15,43.213,-8.691,288.16,92,68,1.56
139,Carlsbad,US,2021-06-07 22:28:42,33.1581,-117.3506,296.36,79,90,1.34
140,Esperance,AU,2021-06-07 22:34:16,-33.8667,121.9,285.06,65,100,5.35
141,Soria,ES,2021-06-07 22:34:16,41.6667,-2.6667,288.07,69,7,1.93
142,Axim,GH,2021-06-07 22:34:16,4.8699,-2.2405,299.2,80,52,2.43
143,Busselton,AU,2021-06-07 22:34:17,-33.65,115.3333,283.75,81,83,4.76
144,Vila Velha,BR,2021-06-07 22:34:17,-20.3297,-40.2925,296.45,86,0,0.0
145,Akyab,MM,2021-06-07 22:34:18,20.15,92.9,301.05,81,100,1.81
146,Itarema,BR,2021-06-07 22:34:18,-2.9248,-39.9167,300.2,77,93,4.52
147,Ponta Do Sol,PT,2021-06-07 22:34:18,32.6667,-17.1,291.55,71,93,2.56
148,Lebu,CL,2021-06-07 22:34:19,-37.6167,-73.65,285.14,73,100,8.27
149,Ylivieska,FI,2021-06-07 22:34:19,64.0833,24.55,287.21,60,100,3.56
150,Emba,KZ,2021-06-07 22:34:20,48.8264,58.1442,291.3,52,56,2.34
151,Luanda,AO,2021-06-07 22:34:20,-8.8368,13.2343,298.15,83,20,4.12
152,Longyearbyen,SJ,2021-06-07 22:34:20,78.2186,15.6401,276.06,87,75,7.72
153,Vardo,NO,2021-06-07 22:33:50,70.3705,31.1107,280.56,80,100,1.72
154,Dubbo,AU,2021-06-07 22:34:21,-32.25,148.6167,278.22,93,97,2.57
155,Coueron,FR,2021-06-07 22:34:21,47.2151,-1.7217,290.9,80,0,2.18
156,Clyde River,CA,2021-06-07 22:34:22,70.4692,-68.5914,276.28,75,20,8.23
157,Yellowknife,CA,2021-06-07 22:33:02,62.456,-114.3525,280.44,76,90,1.79
158,Maniitsoq,GL,2021-06-07 22:34:22,65.4167,-52.9,278.23,83,65,3.5
159,Faanui,PF,2021-06-07 22:34:23,-16.4833,-151.75,300.06,76,59,5.64
160,Ust-Nera,RU,2021-06-07 22:34:23,64.5667,143.2,284.13,44,13,5.06
161,Luderitz,NA,2021-06-07 22:34:24,-26.6481,15.1594,289.07,78,39,4.43
162,Jumla,NP,2021-06-07 22:34:24,29.2747,82.1838,286.12,86,18,1.71
163,Batagay-Alyta,RU,2021-06-07 22:34:25,67.8006,130.4114,281.21,39,58,5.95
164,Lucea,JM,2021-06-07 22:34:25,18.451,-78.1736,303.07,80,96,5.18
165,Portland,US,2021-06-07 22:32:38,45.5234,-122.6762,293.31,43,75,0.45
166,Quelimane,MZ,2021-06-07 22:34:25,-17.8786,36.8883,290.81,95,71,2.02
167,Kodiak,US,2021-06-07 22:34:26,57.79,-152.4072,286.88,62,1,4.12
168,Arraial Do Cabo,BR,2021-06-07 22:34:26,-22.9661,-42.0278,296.07,88,0,1.54
169,Sao Lourenco Do Oeste,BR,2021-06-07 22:34:27,-26.3592,-52.8511,286.88,96,57,1.5
170,Manoharpur,IN,2021-06-07 22:34:27,27.3,75.95,304.68,34,6,6.05
171,Los Llanos De Aridane,ES,2021-06-07 22:34:27,28.6585,-17.9182,292.01,86,75,3.25
172,Airai,TL,2021-06-07 22:34:28,-8.9266,125.4092,288.36,69,74,1.09
173,Mar Del Plata,AR,2021-06-07 22:34:28,-38.0023,-57.5575,285.98,78,0,0.45
174,Tymovskoye,RU,2021-06-07 22:34:29,50.8456,142.655,283.61,70,95,1.07
175,Aykhal,RU,2021-06-07 22:34:29,66.0,111.5,279.57,41,39,1.25
176,Piacabucu,BR,2021-06-07 22:34:29,-10.4056,-36.4344,297.07,86,89,2.36
177,Chokurdakh,RU,2021-06-07 22:34:30,70.6333,147.9167,275.96,94,100,4.33
178,Pochutla,MX,2021-06-07 22:34:30,15.7432,-96.4661,303.61,64,100,1.73
179,Guerande,FR,2021-06-07 22:34:31,47.3291,-2.4283,289.98,82,12,2.72
180,Biscarrosse,FR,2021-06-07 22:34:31,44.3945,-1.1672,291.28,88,0,2.61
181,Kupang,ID,2021-06-07 22:34:32,-10.1667,123.5833,296.47,83,20,4.12
182,Brejinho,BR,2021-06-07 22:34:32,-6.1908,-35.3567,297.51,93,63,2.99
183,Alofi,NU,2021-06-07 22:34:32,-19.0595,-169.9187,301.09,78,85,6.17
184,Paamiut,GL,2021-06-07 22:34:33,61.994,-49.6678,278.29,84,72,6.26
185,Hwange,ZW,2021-06-07 22:34:33,-18.3693,26.5019,286.04,64,78,2.66
186,Richards Bay,ZA,2021-06-07 22:34:33,-28.783,32.0377,289.34,82,0,4.25
187,Makaryev,RU,2021-06-07 22:34:34,57.8797,43.8069,284.97,97,28,2.43
188,Keti Bandar,PK,2021-06-07 22:34:34,24.1447,67.4497,302.34,74,3,7.75
189,Thompson,CA,2021-06-07 22:30:11,55.7435,-97.8558,291.24,42,75,2.06
190,Grand Gaube,MU,2021-06-07 22:34:35,-20.0064,57.6608,295.37,87,47,4.02
191,Lumeje,AO,2021-06-07 22:34:35,-11.55,20.7833,288.19,56,2,2.69
192,Iralaya,HN,2021-06-07 22:34:36,15.0,-83.2333,300.57,81,91,5.64
193,Berwick,US,2021-06-07 22:34:36,41.0545,-76.2333,305.07,84,98,2.41
194,Qaanaaq,GL,2021-06-07 22:34:36,77.484,-69.3632,277.43,81,4,1.71
195,Duncan,US,2021-06-07 22:34:37,34.5023,-97.9578,302.62,57,1,2.57
196,Belmonte,BR,2021-06-07 22:34:37,-15.8631,-38.8828,298.43,87,100,1.92
197,Husavik,IS,2021-06-07 22:34:38,66.0449,-17.3389,284.1,83,99,1.2
198,Sorland,NO,2021-06-07 22:34:38,67.667,12.6934,283.07,81,96,3.02
199,Hasaki,JP,2021-06-07 22:30:35,35.7333,140.8333,295.53,66,29,1.1
200,Tres Arroyos,AR,2021-06-07 22:34:39,-38.3739,-60.2798,281.31,77,74,4.11
201,Cumberland,US,2021-06-07 22:34:39,35.0502,-78.8664,305.09,64,20,4.12
202,Constitucion,CL,2021-06-07 22:34:39,-35.3333,-72.4167,285.95,61,100,0.33
203,Thinadhoo,MV,2021-06-07 22:34:40,0.5333,72.9333,301.74,67,48,6.3
204,Uglezavodsk,RU,2021-06-07 22:34:40,47.3167,142.6167,282.03,94,89,1.62
205,Saint Anthony,US,2021-06-07 22:34:41,45.0205,-93.218,307.93,44,1,0.45
206,Stratford,US,2021-06-07 22:30:00,41.1845,-73.1332,303.12,75,75,5.14
207,Sabzevar,IR,2021-06-07 22:34:41,36.2126,57.6819,297.67,42,0,5.62
208,Nadadores,MX,2021-06-07 22:34:42,27.05,-101.6,314.23,12,2,3.86
209,Lufilufi,WS,2021-06-07 22:34:42,-13.8745,-171.5986,305.03,78,16,3.93
210,Timbiqui,CO,2021-06-07 22:34:42,2.7717,-77.6654,297.52,92,89,2.39
211,Kloulklubed,PW,2021-06-07 22:34:43,7.0419,134.2556,298.43,71,94,2.08
212,Inhambane,MZ,2021-06-07 22:34:43,-23.865,35.3833,292.47,78,32,3.58
213,Harer,ET,2021-06-07 22:34:44,9.3094,42.1258,287.5,80,36,2.24
214,Avarua,CK,2021-06-07 22:30:25,-21.2078,-159.775,299.18,57,20,3.6
215,Almaznyy,RU,2021-06-07 22:34:44,48.0448,40.045,287.23,96,92,3.95
216,Catamarca,AR,2021-06-07 22:30:49,-28.4696,-65.7852,290.65,70,1,0.45
217,Luorong,CN,2021-06-07 22:34:45,24.4058,109.6086,298.38,79,100,0.55
218,Roebourne,AU,2021-06-07 22:34:45,-20.7833,117.1333,297.37,32,99,7.45
219,Rio Brilhante,BR,2021-06-07 22:34:46,-21.8019,-54.5464,294.14,79,64,2.83
220,Yerofey Pavlovich,RU,2021-06-07 22:34:46,53.9667,121.9667,294.27,50,7,1.11
221,Gizo,SB,2021-06-07 22:34:47,-8.103,156.8419,301.08,73,100,2.44
222,Port Elizabeth,ZA,2021-06-07 22:34:47,-33.918,25.5701,294.87,39,0,4.63
223,Rio Tercero,AR,2021-06-07 22:34:47,-32.173,-64.1141,278.97,65,95,2.37
224,Mahibadhoo,MV,2021-06-07 22:34:48,3.7833,72.9667,301.23,75,38,7.36
225,San Patricio,US,2021-06-07 22:34:48,28.017,-97.5169,306.38,72,11,7.77
226,Manta,EC,2021-06-07 22:34:49,-0.95,-80.7333,299.03,73,75,5.66
227,Nuuk,GL,2021-06-07 22:34:49,64.1835,-51.7216,280.49,76,20,2.06
228,Murray Bridge,AU,2021-06-07 22:30:10,-35.1167,139.2667,282.35,86,100,3.47
229,Waw,SS,2021-06-07 22:34:50,7.7029,27.9953,294.72,93,97,2.89
230,North Branch,US,2021-06-07 22:34:50,45.5113,-92.9802,307.58,72,75,2.96
231,Torbay,CA,2021-06-07 22:34:50,47.6666,-52.7314,285.58,75,75,7.2
232,Muros,ES,2021-06-07 22:34:51,42.7762,-9.0603,289.39,80,64,3.65
233,Georgiyevka,KZ,2021-06-07 22:34:51,43.0369,74.7114,298.17,38,75,4.81
234,Gao,ML,2021-06-07 22:33:15,16.6362,1.637,306.33,29,80,3.37
235,Isangel,VU,2021-06-07 22:34:52,-19.55,169.2667,294.21,78,90,4.94
236,Bilma,NE,2021-06-07 22:34:52,18.6853,12.9164,305.98,15,51,3.43
237,Dunedin,NZ,2021-06-07 22:32:15,-45.8742,170.5036,283.22,72,0,0.72
238,Laguna,US,2021-06-07 22:34:53,38.421,-121.4238,303.96,28,1,4.02
239,Huarmey,PE,2021-06-07 22:34:53,-10.0681,-78.1522,292.08,81,20,3.88
240,Talnakh,RU,2021-06-07 22:34:54,69.4865,88.3972,272.36,96,100,2.09
241,Jaguey Grande,CU,2021-06-07 22:34:54,22.5269,-81.1286,303.51,41,35,3.9
242,Petropavlovsk-Kamchatskiy,RU,2021-06-07 22:31:11,53.0452,158.6483,279.48,100,75,0.86
243,Souillac,MU,2021-06-07 22:34:54,-20.5167,57.5167,295.36,78,75,8.3
244,Sola,VU,2021-06-07 22:34:55,-13.8833,167.55,299.27,76,100,9.16
245,Winslow,US,2021-06-07 22:34:55,35.0242,-110.6974,304.8,6,1,1.79
246,Ponta Delgada,PT,2021-06-07 22:34:56,37.7333,-25.6667,292.55,82,40,3.09
247,Pisco,PE,2021-06-07 22:34:56,-13.7,-76.2167,292.18,77,90,4.12
248,Kolokani,ML,2021-06-07 22:34:57,13.5728,-8.0339,305.21,35,39,3.07
249,Manbij,SY,2021-06-07 22:34:57,36.5281,37.9549,295.58,45,0,3.9
250,Fort-Shevchenko,KZ,2021-06-07 22:34:57,44.5086,50.263,293.31,73,4,7.45
251,Fort Nelson,CA,2021-06-07 22:30:10,58.8053,-122.7002,288.92,39,40,1.03
252,Dzaoudzi,YT,2021-06-07 22:34:58,-12.7887,45.2699,298.09,83,0,3.6
253,Santa Maria,BR,2021-06-07 22:33:47,-29.6842,-53.8069,289.76,82,75,3.78
254,Jalu,LY,2021-06-07 22:34:59,29.0331,21.5482,301.0,23,99,2.84
255,Nome,US,2021-06-07 22:34:59,64.5011,-165.4064,276.57,87,90,6.17
256,Coihaique,CL,2021-06-07 22:33:50,-45.5752,-72.0662,281.49,93,90,1.54
257,Iqaluit,CA,2021-06-07 22:34:59,63.7506,-68.5145,278.0,65,90,5.36
258,Cherskiy,RU,2021-06-07 22:33:10,68.75,161.3,291.25,45,100,8.3
259,Aberystwyth,GB,2021-06-07 22:35:00,52.4155,-4.0829,284.1,92,12,3.06
260,Mansa,IN,2021-06-07 22:35:00,29.9833,75.3833,308.26,26,18,3.06
261,Fairbanks,US,2021-06-07 22:30:05,64.8378,-147.7164,297.93,37,40,0.0
262,Hampton,US,2021-06-07 22:35:01,37.0299,-76.3452,305.18,65,40,4.47
263,Katsuura,JP,2021-06-07 22:35:01,35.1333,140.3,296.59,68,31,1.07
264,Grindavik,IS,2021-06-07 22:35:02,63.8424,-22.4338,281.24,93,90,4.13
265,Minudasht,IR,2021-06-07 22:35:04,37.2289,55.3747,292.92,76,9,1.4
266,Susono,JP,2021-06-07 22:35:04,35.2184,138.8817,297.18,56,2,0.98
267,Kaiyuan,CN,2021-06-07 22:35:05,23.6977,103.3037,292.44,95,100,1.91
268,Tura,IN,2021-06-07 22:35:05,25.5198,90.2201,295.71,98,99,2.47
269,Mormugao,IN,2021-06-07 22:35:06,15.4,73.8,300.91,77,65,4.68
270,Planaltina,BR,2021-06-07 22:35:06,-15.4528,-47.6142,296.31,52,98,1.86
271,Kampong Cham,KH,2021-06-07 22:35:07,11.9934,105.4635,298.25,83,98,2.18
272,Yar-Sale,RU,2021-06-07 22:35:08,66.8333,70.8333,275.59,70,42,3.32
273,Harper,LR,2021-06-07 22:35:08,4.375,-7.7169,299.6,79,99,3.96
274,Rio Grande,BR,2021-06-07 22:35:08,-32.035,-52.0986,289.23,74,19,7.18
275,Portobelo,PA,2021-06-07 22:35:09,9.55,-79.65,300.38,83,100,1.31
276,Linjiang,CN,2021-06-07 22:35:09,41.8069,126.9078,291.31,62,0,0.92
277,Byron Bay,AU,2021-06-07 22:35:10,-28.65,153.6167,290.4,69,59,3.88
278,Duldurga,RU,2021-06-07 22:35:10,50.6761,113.5931,288.64,86,98,0.15
279,Lardos,GR,2021-06-07 22:35:11,36.0942,28.0157,297.05,76,0,4.6
280,Narsaq,GL,2021-06-07 22:35:11,60.9167,-46.05,286.27,52,100,4.45
281,Port Blair,IN,2021-06-07 22:35:11,11.6667,92.75,300.9,77,100,4.89
282,Khargupur,IN,2021-06-07 22:35:12,27.3833,81.9833,304.45,38,1,3.06
283,Mecca,SA,2021-06-07 22:35:12,21.4267,39.8261,305.12,34,11,1.89
284,Santa Helena De Goias,BR,2021-06-07 22:35:13,-17.8136,-50.5969,297.3,41,20,1.0
285,Beloha,MG,2021-06-07 22:35:13,-25.1667,45.05,289.47,72,0,4.22
286,Solana Beach,US,2021-06-07 22:34:56,32.9912,-117.2711,296.51,76,90,1.34
287,Caravelas,BR,2021-06-07 22:35:15,-17.7125,-39.2481,296.28,86,18,2.68
288,Port Antonio,JM,2021-06-07 22:35:16,18.18,-76.4612,302.01,77,23,2.96
289,Arman,RU,2021-06-07 22:32:12,59.7,150.1667,282.87,78,94,2.66
290,Turukhansk,RU,2021-06-07 22:35:17,65.8167,87.9833,274.78,88,81,2.79
291,Labuhan,ID,2021-06-07 22:35:17,-6.8844,112.2051,298.04,85,88,3.05
292,Namibe,AO,2021-06-07 22:35:18,-15.1961,12.1522,294.6,63,91,2.41
293,Weimar,DE,2021-06-07 22:35:18,50.9833,11.3167,289.8,90,20,0.9
294,Christchurch,NZ,2021-06-07 22:31:50,-43.5333,172.6333,284.28,95,75,0.51
295,Bayburt,TR,2021-06-07 22:35:19,40.2589,40.2278,279.69,83,20,0.62
296,Tolyatti,RU,2021-06-07 22:35:19,53.5303,49.3461,289.35,85,52,2.31
297,Tuatapere,NZ,2021-06-07 22:35:20,-46.1333,167.6833,283.05,75,4,1.16
298,Huilong,CN,2021-06-07 22:35:20,31.8111,121.655,298.17,92,100,4.72
299,Rocky Mountain House,CA,2021-06-07 22:35:21,52.3668,-114.9188,284.17,93,100,3.09
300,Haradok,BY,2021-06-07 22:35:21,55.4624,29.9816,285.33,95,47,2.46
301,Marrakesh,MA,2021-06-07 22:35:22,31.6315,-8.0083,298.19,57,40,5.14
302,Dobrinka,RU,2021-06-07 22:35:22,52.1653,40.4731,285.37,92,48,2.06
303,Jaciara,BR,2021-06-07 22:35:23,-15.9653,-54.9683,299.81,44,74,1.55
304,Sitka,US,2021-06-07 22:35:23,57.0531,-135.33,285.09,71,75,1.54
305,Aripuana,BR,2021-06-07 22:35:24,-9.1667,-60.6333,300.84,57,91,0.69
306,Olinda,BR,2021-06-07 22:35:24,-8.0089,-34.8553,298.0,73,75,3.74
307,Alice Springs,AU,2021-06-07 22:35:25,-23.7,133.8833,280.9,53,11,3.69
308,Moindou,NC,2021-06-07 22:35:25,-21.6924,165.677,293.12,57,100,4.79
309,Amapa,BR,2021-06-07 22:35:26,1.0,-52.0,295.96,98,100,1.24
310,Poum,NC,2021-06-07 22:35:26,-20.2333,164.0167,295.23,61,100,5.85
311,Hailar,CN,2021-06-07 22:35:27,49.2,119.7,292.45,47,88,7.26
312,Bullhead City,US,2021-06-07 22:35:27,35.1478,-114.5683,311.74,9,75,8.75
313,Forssa,FI,2021-06-07 22:35:28,60.8146,23.6215,289.34,86,64,0.97
314,Te Anau,NZ,2021-06-07 22:35:28,-45.4167,167.7167,281.5,86,20,0.41
315,Arlit,NE,2021-06-07 22:35:28,18.7369,7.3853,307.78,11,82,6.71
316,Kruisfontein,ZA,2021-06-07 22:35:29,-34.0033,24.7314,293.64,39,2,4.89
317,Terra Santa,BR,2021-06-07 22:35:29,-2.1042,-56.4869,300.07,70,75,0.83
318,Przhevalskoye,RU,2021-06-07 22:35:30,55.5093,31.8482,284.42,96,40,1.57
319,Olafsvik,IS,2021-06-07 22:35:30,64.8945,-23.7142,281.25,88,100,3.64
320,Alvaraes,BR,2021-06-07 22:35:31,-3.2208,-64.8042,300.08,75,86,1.07
321,Ulladulla,AU,2021-06-07 22:35:31,-35.35,150.4667,287.09,50,100,4.32
322,Griffith,US,2021-06-07 22:35:32,41.5284,-87.4237,297.81,86,90,2.06
323,Phalaborwa,ZA,2021-06-07 22:35:32,-23.943,31.1411,286.98,78,43,1.91
324,Aktash,RU,2021-06-07 22:35:32,50.3,87.7333,278.58,50,58,1.76
325,Mitsamiouli,KM,2021-06-07 22:35:33,-11.3847,43.2844,299.02,74,13,3.63
326,Quatre Cocos,MU,2021-06-07 22:35:33,-20.2078,57.7625,295.21,76,54,8.71
327,Amuntai,ID,2021-06-07 22:35:34,-2.4177,115.2494,296.4,95,63,0.25
328,Hamilton,US,2021-06-07 22:35:34,39.1834,-84.5333,300.31,77,40,0.89
329,Cabedelo,BR,2021-06-07 22:35:35,-6.9811,-34.8339,298.52,85,89,4.38
330,Vernon,CA,2021-06-07 22:35:35,50.2581,-119.2691,292.2,42,99,3.6
331,Bell Ville,AR,2021-06-07 22:35:36,-32.6259,-62.6887,287.48,75,100,2.26
332,Touros,BR,2021-06-07 22:35:36,-5.1989,-35.4608,297.65,85,29,4.65
333,Kamenka,RU,2021-06-07 22:35:36,51.3223,42.7678,286.14,90,100,1.51
334,Coahuayana,MX,2021-06-07 22:35:37,18.7333,-103.6833,307.86,47,93,3.4
335,Esperanza,DO,2021-06-07 22:35:38,19.5847,-70.9849,301.09,72,32,3.58
336,Dargaville,NZ,2021-06-07 22:35:38,-35.9333,173.8833,288.49,82,100,7.43
337,Provideniya,RU,2021-06-07 22:35:39,64.3833,-173.3,274.21,86,90,7.0
338,Tibati,CM,2021-06-07 22:35:39,6.4667,12.6333,292.17,96,100,0.69
339,Dieppe,FR,2021-06-07 22:35:41,49.75,1.1667,287.16,92,51,1.54
340,Cervo,ES,2021-06-07 22:35:41,43.6702,-7.4101,289.8,92,56,2.36
341,Lorengau,PG,2021-06-07 22:35:41,-2.0226,147.2712,301.64,73,100,2.79
342,Hofn,IS,2021-06-07 22:35:42,64.2539,-15.2082,281.69,98,100,1.18
343,Tabanan,ID,2021-06-07 22:35:42,-8.5413,115.1252,298.37,86,54,0.93
344,San Quintin,MX,2021-06-07 22:35:43,30.4833,-115.95,292.23,62,50,5.78
345,Waitati,NZ,2021-06-07 22:35:43,-45.75,170.5667,285.26,65,0,1.0
346,Victoria,HK,2021-06-07 22:34:16,22.2855,114.1577,300.55,91,87,0.89
347,Zemio,CF,2021-06-07 22:35:44,5.0314,25.1361,294.04,89,85,0.99
348,Bulgan,MN,2021-06-07 22:35:44,48.8125,103.5347,279.34,82,98,2.34
349,Cabo San Lucas,MX,2021-06-07 22:32:43,22.8909,-109.9124,312.88,24,1,3.6
350,Stokmarknes,NO,2021-06-07 22:31:07,68.5646,14.9108,285.65,81,94,1.26
351,Anadyr,RU,2021-06-07 22:35:45,64.75,177.4833,279.43,60,0,5.81
352,Feijo,BR,2021-06-07 22:35:46,-8.1642,-70.3536,296.11,97,97,1.21
353,Champerico,GT,2021-06-07 22:35:46,14.3,-91.9167,302.23,72,98,3.8
354,Cabatuan,PH,2021-06-07 22:35:47,10.8794,122.486,299.1,80,100,0.97
355,Ushumun,RU,2021-06-07 22:35:47,52.7833,126.5333,294.56,46,7,3.42
356,Shambu,ET,2021-06-07 22:35:48,9.5667,37.1,284.69,78,59,0.38
357,Santiago,CL,2021-06-07 22:32:10,-33.4569,-70.6483,292.69,42,0,1.03
358,Kudat,MY,2021-06-07 22:35:48,6.8837,116.8477,297.2,100,20,0.0
359,Cuamba,MZ,2021-06-07 22:35:49,-14.8031,36.5372,287.53,94,39,2.35
360,Araouane,ML,2021-06-07 22:35:49,18.9048,-3.5265,307.49,12,1,2.37
361,Plouzane,FR,2021-06-07 22:35:49,48.3833,-4.6167,287.18,91,90,2.41
362,Gamba,GA,2021-06-07 22:35:50,-2.65,10.0,297.33,94,55,2.29
363,Maceio,BR,2021-06-07 22:33:14,-9.6658,-35.7353,298.84,78,40,1.99
364,Mahebourg,MU,2021-06-07 22:35:51,-20.4081,57.7,295.31,78,75,6.17
365,Severo-Kurilsk,RU,2021-06-07 22:35:51,50.6789,156.125,278.56,96,100,4.19
366,Qui Nhon,VN,2021-06-07 22:35:51,13.7667,109.2333,299.42,80,100,1.48
367,Ahuimanu,US,2021-06-07 22:35:52,21.4447,-157.8378,303.99,61,40,7.2
368,Porto Real Do Colegio,BR,2021-06-07 22:35:52,-10.1858,-36.84,295.12,94,94,2.04
369,Dickinson,US,2021-06-07 22:33:43,29.4608,-95.0513,305.27,75,75,0.45
370,Srandakan,ID,2021-06-07 22:35:53,-7.9386,110.2506,285.22,88,34,1.37
371,Conceicao Do Araguaia,BR,2021-06-07 22:35:53,-8.2578,-49.2647,301.22,57,0,0.16
372,Mujiayingzi,CN,2021-06-07 22:35:54,42.1167,118.7833,291.57,70,99,2.96
373,Tiksi,RU,2021-06-07 22:35:54,71.6872,128.8694,276.5,86,98,1.59
374,Kotka,FI,2021-06-07 22:35:55,60.4664,26.9458,289.74,86,88,3.2
375,Nogliki,RU,2021-06-07 22:35:55,51.8333,143.1667,280.37,81,96,1.8
376,Shellbrook,CA,2021-06-07 22:35:55,53.2168,-106.4011,288.72,45,63,5.1
377,Launceston,AU,2021-06-07 22:24:21,-41.45,147.1667,284.05,90,75,1.79
378,Wanaka,NZ,2021-06-07 22:35:56,-44.7,169.15,282.83,84,17,0.3
379,Yanam,IN,2021-06-07 22:35:56,16.7333,82.2167,301.59,79,80,1.36
380,Chupa,RU,2021-06-07 22:35:57,66.27,33.0549,281.23,72,10,2.6
381,Atar,MR,2021-06-07 22:35:57,20.5169,-13.0499,310.81,12,58,1.06
382,Linqiong,CN,2021-06-07 22:35:58,30.4159,103.4609,295.05,61,100,1.89
383,Dunhua,CN,2021-06-07 22:35:58,43.3725,128.2425,289.45,73,0,1.27
384,Alta Floresta,BR,2021-06-07 22:35:58,-9.8756,-56.0861,297.72,65,83,1.85
385,Haines Junction,CA,2021-06-07 22:35:59,60.7522,-137.5108,290.12,36,100,2.06
386,Oranjemund,NA,2021-06-07 22:35:59,-28.55,16.4333,290.55,59,60,4.02
387,Tyrma,RU,2021-06-07 22:35:59,50.0833,132.1667,293.21,55,91,1.76
388,Ostrovskoye,RU,2021-06-07 22:36:00,57.8057,42.2433,285.36,96,37,3.01
389,Vaitape,PF,2021-06-07 22:36:00,-16.5167,-151.75,300.04,76,58,5.68
390,Gat,IL,2021-06-07 22:36:01,31.61,34.7642,294.71,69,0,0.65
391,Cloquet,US,2021-06-07 22:36:01,46.7216,-92.4594,304.14,40,1,2.57
392,Port Hardy,CA,2021-06-07 22:36:01,50.6996,-127.4199,287.25,67,75,5.66
393,Salalah,OM,2021-06-07 22:36:02,17.0151,54.0924,302.2,89,75,2.57
394,Belyy Yar,RU,2021-06-07 22:36:02,53.6039,91.3903,282.09,93,4,1.6
395,Lasa,IT,2021-06-07 22:36:03,46.6166,10.7002,287.38,94,99,0.62
396,Hambantota,LK,2021-06-07 22:36:03,6.1241,81.1185,299.48,83,87,6.95
397,Leningradskiy,RU,2021-06-07 22:36:03,69.3833,178.4167,279.86,66,8,4.39
398,Beringovskiy,RU,2021-06-07 22:36:04,63.05,179.3167,274.79,97,100,2.24
399,Podosinovets,RU,2021-06-07 22:36:04,60.2776,47.0659,278.95,59,2,2.54
400,Margate,GB,2021-06-07 22:36:05,51.3813,1.3862,289.12,73,47,0.45
401,Dustlik,UZ,2021-06-07 22:36:05,40.5247,68.0358,297.19,32,16,2.64
402,Ilulissat,GL,2021-06-07 22:36:06,69.2167,-51.1,284.16,37,0,1.54
403,Rexburg,US,2021-06-07 22:32:10,43.826,-111.7897,299.74,22,1,6.17
404,Huesca,ES,2021-06-07 22:36:06,42.1362,-0.4087,293.68,47,0,0.45
405,Dongsheng,CN,2021-06-07 22:36:07,39.8161,109.9776,292.49,15,100,2.48
406,Petropavlovka,RU,2021-06-07 22:36:07,50.6114,105.3196,283.72,71,100,3.72
407,Erzin,TR,2021-06-07 22:36:08,36.9559,36.2,294.55,69,0,0.95
408,Sinnar,SD,2021-06-07 22:36:08,13.5691,33.5672,298.82,60,100,8.4
409,Iracoubo,GF,2021-06-07 22:36:08,5.4802,-53.2011,298.44,90,97,4.7
410,Tocopilla,CL,2021-06-07 22:36:09,-22.092,-70.1979,291.02,74,97,3.8
411,Dingle,PH,2021-06-07 22:36:09,10.9995,122.6711,299.3,83,100,0.8
412,Mana,GF,2021-06-07 22:36:10,5.6592,-53.7767,298.18,91,99,4.47
413,Loralai,PK,2021-06-07 22:32:09,30.3705,68.598,299.95,37,0,3.6
414,Barras,BR,2021-06-07 22:36:10,-4.2444,-42.2944,300.15,66,87,2.31
415,Imeni Poliny Osipenko,RU,2021-06-07 22:36:11,52.4201,136.4853,288.04,64,74,0.27
416,Faya,SA,2021-06-07 22:36:11,18.3851,42.4509,296.21,26,75,1.01
417,Tecoanapa,MX,2021-06-07 22:36:11,16.5167,-98.75,303.09,69,92,3.59
418,Grootfontein,NA,2021-06-07 22:36:12,-19.5667,18.1167,285.91,54,2,2.57
419,Bubaque,GW,2021-06-07 22:36:12,11.2833,-15.8333,299.55,83,100,3.76
420,Leirvik,NO,2021-06-07 22:36:13,59.7798,5.5005,286.28,83,100,1.54
421,Vestmannaeyjar,IS,2021-06-07 22:36:13,63.4427,-20.2734,281.51,88,8,4.66
422,Grand-Lahou,CI,2021-06-07 22:36:13,5.1367,-5.0242,299.21,84,40,2.33
423,Walvis Bay,NA,2021-06-07 22:36:14,-22.9575,14.5053,288.76,82,0,2.24
424,Bra,IT,2021-06-07 22:36:14,44.703,7.8556,291.44,95,100,1.05
425,Tautira,PF,2021-06-07 22:36:14,-17.7333,-149.15,301.16,79,33,4.48
426,Bethel,US,2021-06-07 22:35:28,41.3712,-73.414,302.63,83,90,2.06
427,Dole,FR,2021-06-07 22:36:15,47.0833,5.5,289.1,88,75,2.06
428,Kitimat,CA,2021-06-07 22:36:15,54.0524,-128.6534,292.36,52,42,0.45
429,Oulainen,FI,2021-06-07 22:36:16,64.2667,24.8,287.18,62,100,3.47
430,Cine,TR,2021-06-07 22:36:16,37.6117,28.0614,290.65,57,3,0.67
431,Umm Kaddadah,SD,2021-06-07 22:36:17,13.6017,26.6876,302.6,45,63,4.61
432,Sol-Iletsk,RU,2021-06-07 22:36:17,51.1631,54.9918,289.88,63,24,2.23
433,Makakilo City,US,2021-06-07 22:36:17,21.3469,-158.0858,303.33,49,75,5.14
434,Florianopolis,BR,2021-06-07 22:36:08,-27.6146,-48.5012,291.79,92,75,3.09
435,Kosa,RU,2021-06-07 22:36:18,59.9445,54.9977,276.29,63,5,2.42
436,Tual,ID,2021-06-07 22:36:18,-5.6667,132.75,300.38,80,85,6.45
437,Namatanai,PG,2021-06-07 22:36:19,-3.6667,152.4333,301.01,75,99,2.19
438,Kungurtug,RU,2021-06-07 22:36:19,50.5994,97.5228,278.97,77,11,0.52
439,Hami,CN,2021-06-07 22:36:20,42.8,93.45,294.5,14,61,2.82
440,Shiyan,CN,2021-06-07 22:36:20,32.6475,110.7781,297.64,64,100,0.25
441,Netanya,IL,2021-06-07 22:36:20,32.3329,34.8599,295.34,63,0,0.64
442,Sosnovo-Ozerskoye,RU,2021-06-07 22:36:21,52.5249,111.5418,283.81,91,100,1.81
443,Srednekolymsk,RU,2021-06-07 22:36:21,67.45,153.6833,287.15,62,100,8.13
444,Tungor,RU,2021-06-07 22:36:22,53.3808,142.9564,281.46,76,92,2.36
445,Salcioara,RO,2021-06-07 22:36:22,44.7167,25.5833,291.42,88,88,2.18
446,Moose Factory,CA,2021-06-07 22:36:23,51.2585,-80.6094,301.15,36,40,8.23
447,Kahului,US,2021-06-07 22:36:23,20.8947,-156.47,304.16,66,1,10.29
448,Shingu,JP,2021-06-07 22:36:23,33.7333,135.9833,298.53,57,48,0.31
449,Robertsport,LR,2021-06-07 22:36:24,6.7533,-11.3686,299.99,81,100,4.8
450,Half Moon Bay,US,2021-06-07 22:36:24,37.4636,-122.4286,297.05,59,1,5.14
451,Pindiga,NG,2021-06-07 22:36:25,9.9833,10.9333,298.94,62,100,2.45
452,Sterling,US,2021-06-07 22:36:25,39.0062,-77.4286,305.59,62,75,3.58
453,Rabat,MA,2021-06-07 22:36:25,33.9911,-6.8401,297.62,90,40,2.68
454,Rincon,US,2021-06-07 22:36:26,32.296,-81.2354,301.1,94,90,3.83
455,Whitianga,NZ,2021-06-07 22:35:02,-36.8333,175.7,287.6,82,99,10.54
456,Meulaboh,ID,2021-06-07 22:36:26,4.1363,96.1285,297.26,88,92,2.17
457,Diamantino,BR,2021-06-07 22:35:37,-14.4086,-56.4461,300.05,48,81,1.51
458,Newport,GB,2021-06-07 22:36:27,51.5877,-2.9984,286.4,82,27,2.15
459,Chunoyar,RU,2021-06-07 22:36:27,57.4467,97.3217,280.77,84,40,1.67
460,Sao Joao,BR,2021-06-07 22:36:28,-8.8756,-36.3667,291.46,97,82,2.28
461,La Palma,US,2021-06-07 22:36:28,33.8464,-118.0467,298.77,66,75,3.58
462,Necochea,AR,2021-06-07 22:34:38,-38.5473,-58.7368,281.5,77,97,4.69
463,Codrington,AU,2021-06-07 22:36:29,-38.2667,141.9667,283.29,79,98,5.53
464,Vila Franca Do Campo,PT,2021-06-07 22:36:29,37.7167,-25.4333,292.38,89,59,2.51
465,Carupano,VE,2021-06-07 22:36:30,10.6678,-63.2585,298.51,90,96,5.06
466,Dawei,MM,2021-06-07 22:36:30,14.0833,98.2,297.44,92,100,0.53
467,Ryde,GB,2021-06-07 22:36:30,50.73,-1.1621,287.71,93,94,1.34
468,Khammam,IN,2021-06-07 22:36:31,17.25,80.15,304.03,54,100,1.53
469,Sahbuz,AZ,2021-06-07 22:36:31,39.4072,45.5739,290.93,64,5,2.99
470,Shirakawa,JP,2021-06-07 22:36:32,37.1223,140.2376,295.47,54,31,0.32
471,Jacksonville,US,2021-06-07 22:35:02,30.3322,-81.6556,301.47,83,90,0.45
472,Gombong,ID,2021-06-07 22:36:32,-7.6072,109.5142,293.76,92,21,1.53
473,Jiaonan,CN,2021-06-07 22:32:48,35.8786,119.9753,296.16,63,100,2.77
474,Dong Hoi,VN,2021-06-07 22:36:33,17.4833,106.6,299.1,87,100,3.53
475,Sijunjung,ID,2021-06-07 22:36:33,-0.6876,100.9537,293.18,94,100,1.01
476,Keroka,KE,2021-06-07 22:36:34,-0.7758,34.9453,284.62,92,27,2.93
477,Klaksvik,FO,2021-06-07 22:36:34,62.2266,-6.589,284.66,87,99,10.36
478,Rorvik,NO,2021-06-07 22:36:34,64.8621,11.2373,284.27,86,49,3.3
479,Cap Malheureux,MU,2021-06-07 22:36:35,-19.9842,57.6142,295.42,87,42,4.02
480,Wanning,CN,2021-06-07 22:36:35,18.8003,110.3967,300.19,87,100,1.83
481,Xiaoweizhai,CN,2021-06-07 22:36:36,26.1903,107.5125,294.02,86,25,0.66
482,Severodvinsk,RU,2021-06-07 22:36:36,64.5635,39.8302,276.21,74,1,1.55
483,Nuevitas,CU,2021-06-07 22:36:37,21.5453,-77.2644,302.84,77,99,6.05
484,La Ligua,CL,2021-06-07 22:36:37,-32.4524,-71.2311,286.03,61,53,0.7
485,San Policarpo,PH,2021-06-07 22:36:38,12.1791,125.5072,299.26,85,100,1.83
486,Xacmaz,AZ,2021-06-07 22:36:38,41.4635,48.806,288.83,79,14,2.13
487,Indian Head,US,2021-06-07 22:36:38,38.6001,-77.1622,306.1,66,1,2.67
488,Yarmouth,US,2021-06-07 22:34:21,41.7057,-70.2286,302.02,91,90,4.02
489,Foam Lake,CA,2021-06-07 22:36:39,51.65,-103.5343,295.16,43,68,5.43
490,Kiruna,SE,2021-06-07 22:36:39,67.8557,20.2251,283.66,82,90,3.09
491,Preston,GB,2021-06-07 22:36:40,53.7667,-2.7167,288.47,83,48,0.68
492,Marsh Harbour,BS,2021-06-07 22:36:40,26.5412,-77.0636,299.4,77,100,6.99
493,Cabra,ES,2021-06-07 22:36:41,37.4725,-4.4421,300.04,44,0,2.52
494,Kiknur,RU,2021-06-07 22:33:07,57.3034,47.2011,286.22,95,55,2.8
495,Klyuchi,RU,2021-06-07 22:36:42,52.2667,79.1667,288.98,71,1,2.25
496,Flinders,AU,2021-06-07 22:36:42,-34.5833,150.8552,287.18,65,100,1.34
497,Asmar,AF,2021-06-07 22:36:42,35.0333,71.3581,299.57,35,0,4.14
498,Pokhara,NP,2021-06-07 22:36:43,28.2333,83.9833,295.19,77,89,2.78
499,Galesong,ID,2021-06-07 22:36:43,-5.3166,119.3661,295.16,76,25,1.59
500,Grants,US,2021-06-07 22:36:43,35.1473,-107.8514,304.28,6,1,1.54
501,Tessalit,ML,2021-06-07 22:36:44,20.1986,1.0114,307.52,9,0,4.19
502,Chegdomyn,RU,2021-06-07 22:36:44,51.1167,133.0167,293.19,56,100,0.79
503,Suoyarvi,RU,2021-06-07 22:36:45,62.0833,32.35,283.49,50,99,3.23
504,Datong,CN,2021-06-07 22:36:45,40.0936,113.2914,291.34,54,99,2.13
505,Shubarshi,KZ,2021-06-07 22:36:46,48.5872,57.1869,291.91,48,85,2.09
506,Port Hedland,AU,2021-06-07 22:36:46,-20.3167,118.5667,296.18,23,99,5.66
507,Puro,PH,2021-06-07 22:36:46,12.4841,123.3827,301.15,75,100,3.73
508,Aleysk,RU,2021-06-07 22:36:47,52.4926,82.7822,286.07,82,0,2.9
509,Caucaia,BR,2021-06-07 22:36:47,-3.7361,-38.6531,301.12,77,20,2.87
510,Henties Bay,NA,2021-06-07 22:36:47,-22.116,14.2845,288.63,79,0,2.7
511,Saint-Augustin,CA,2021-06-07 22:36:48,51.226,-58.6502,285.07,89,99,5.94
512,La Asuncion,VE,2021-06-07 22:36:48,11.0333,-63.8628,307.0,52,98,7.39
513,Aswan,EG,2021-06-07 22:36:49,24.0934,32.907,302.68,14,0,6.28
514,Port Alberni,CA,2021-06-07 22:36:49,49.2413,-124.8028,289.98,75,96,0.89
515,Vysokogornyy,RU,2021-06-07 22:36:50,50.1167,139.15,288.01,59,78,1.12
516,Serenje,ZM,2021-06-07 22:36:50,-13.2325,30.2352,283.17,80,9,3.67
517,Inta,RU,2021-06-07 22:36:50,66.0317,60.1659,274.57,63,16,2.73
518,Longido,TZ,2021-06-07 22:36:51,-2.7333,36.6833,290.43,70,98,4.94
519,Kargil,IN,2021-06-07 22:36:51,34.5667,76.1,282.43,35,0,0.94
520,Jiaohe,CN,2021-06-07 22:36:51,43.7286,127.3447,290.17,76,1,0.78
521,Ulaanbaatar,MN,2021-06-07 22:36:52,47.9077,106.8832,276.22,87,75,3.64
522,Burnie,AU,2021-06-07 22:36:52,-41.0667,145.9167,284.49,87,100,5.29
523,Conceicao Do Mato Dentro,BR,2021-06-07 22:36:53,-19.0372,-43.425,293.41,65,59,1.0
524,Licata,IT,2021-06-07 22:36:53,37.1071,13.9461,295.96,78,0,3.6
525,Zharkent,KZ,2021-06-07 22:36:53,44.1628,80.0,293.41,58,100,0.8
526,Djambala,CG,2021-06-07 22:36:54,-2.5447,14.7533,295.71,73,70,0.37
527,Rawson,AR,2021-06-07 22:36:54,-43.3002,-65.1023,285.56,54,37,5.82
528,Gwadar,PK,2021-06-07 22:36:55,25.1216,62.3254,301.87,75,39,4.28
529,Mgachi,RU,2021-06-07 22:36:55,51.05,142.2667,284.47,64,83,1.27
530,Mohanur,IN,2021-06-07 22:36:55,11.0833,78.1667,300.11,72,92,3.56
531,Palmer,US,2021-06-07 22:33:29,42.1584,-72.3287,305.02,61,53,3.39
532,Polunochnoye,RU,2021-06-07 22:36:56,60.8697,60.4153,275.29,93,3,1.15
533,Sao Filipe,CV,2021-06-07 22:36:56,14.8961,-24.4956,299.54,51,1,6.82
534,Fergus Falls,US,2021-06-07 22:36:57,46.283,-96.0776,306.74,35,1,3.13
535,Yulara,AU,2021-06-07 22:36:57,-25.2406,130.9889,280.06,65,5,2.57
536,Lac Du Bonnet,CA,2021-06-07 22:36:57,50.2536,-96.0612,294.45,47,99,2.01
537,Kushiro,JP,2021-06-07 22:36:58,42.975,144.3747,292.68,59,75,4.25
538,Kaeo,NZ,2021-06-07 22:36:58,-35.1,173.7833,288.89,97,100,8.98
539,Maarianhamina,AX,2021-06-07 22:36:59,60.0973,19.9348,288.07,77,74,2.06
540,Evans,US,2021-06-07 22:36:59,33.5337,-82.1307,297.36,79,90,0.45
541,Geraldton,AU,2021-06-07 22:36:59,-28.7667,114.6,286.38,58,93,10.95
542,Veinticinco De Mayo,AR,2021-06-07 22:37:00,-35.4323,-60.1727,285.4,62,99,0.89
543,Jesus Carranza,MX,2021-06-07 22:37:00,17.4333,-95.0333,307.84,48,64,2.91
544,Nynashamn,SE,2021-06-07 22:37:01,58.9034,17.9479,290.04,95,100,1.64
545,Dinghai,CN,2021-06-07 22:37:01,26.2847,119.7936,295.66,79,100,0.75
546,Malanje,AO,2021-06-07 22:37:01,-9.5402,16.341,290.42,57,9,0.85
547,Belen,TR,2021-06-07 22:37:02,36.4891,36.2233,291.23,68,0,2.93
548,Iquique,CL,2021-06-07 22:33:58,-20.2208,-70.1431,289.17,79,98,1.69
549,Phan Thiet,VN,2021-06-07 22:34:54,10.9333,108.1,298.78,83,100,3.75
550,Kokopo,PG,2021-06-07 22:37:03,-4.352,152.2633,299.7,80,93,2.89
551,Aden,YE,2021-06-07 22:37:03,12.7794,45.0367,303.62,76,67,2.64
552,Turinskaya Sloboda,RU,2021-06-07 22:37:04,57.6232,64.3858,280.91,82,80,4.62
553,Najran,SA,2021-06-07 22:37:04,17.4924,44.1277,304.51,12,78,1.98
554,Iskateley,RU,2021-06-07 22:37:05,67.6803,53.1512,274.42,76,23,3.55
555,Watsa,CD,2021-06-07 22:37:05,3.0372,29.5355,292.35,77,25,1.0
